country,iso3c,region,Urban population (% of total population),Rural population (% of total population),Proportion of people living below 50 percent of median income (%),"Population, total",Population ages 65 and above (% of total population),Population density (people per sq. km of land area),"Physicians (per 1,000 people)","Life expectancy at birth, total (years)","GDP per capita, PPP (current international $)"
Afghanistan,AFG,South Asia,26.616,73.384,NA,41128771,2.394339719,61.48055441,0.2538,61.982,1673.964059
Albania,ALB,Europe & Central Asia,63.799,36.201,9.6,2775634,16.6551913,102.6155474,1.8754,76.463,18551.71648
Algeria,DZA,Middle East & North Africa,74.772,25.228,6.3,44903225,6.387786178,18.54860331,1.7193,76.377,13209.59677
American Samoa,ASM,East Asia & Pacific,87.196,12.804,NA,44273,7.262973629,225.175,0.781,NA,NA
Andorra,AND,Europe & Central Asia,87.811,12.189,NA,79824,14.96792944,168.1574468,3.3333,NA,NA
Angola,AGO,Sub-Saharan Africa,68.081,31.919,22.8,35588987,2.600055742,27.67608406,0.214,61.643,6973.696299
Antigua and Barbuda,ATG,Latin America & Caribbean,24.346,75.654,NA,93763,10.61826093,211.8613636,2.7673,78.497,25336.6426
Argentina,ARG,Latin America & Caribbean,92.347,7.653,18.8,46234830,11.91832806,16.73874169,4.0596,75.39,26504.59056
Armenia,ARM,Europe & Central Asia,63.573,36.427,6.3,2780469,13.14828542,98.03210397,2.9143,72.043,18941.52681
Aruba,ABW,Latin America & Caribbean,44.052,55.948,NA,106445,16.14213913,591.8722222,1.12,74.626,42887.37491
Australia,AUS,East Asia & Pacific,86.488,13.512,11.7,25978935,16.90208431,3.33957517,4.1292,83.3,62625.35764
Austria,AUT,Europe & Central Asia,59.256,40.744,11,9042528,19.80702865,108.5288051,5.2933,81.23902439,67935.84797
Azerbaijan,AZE,Europe & Central Asia,57.17,42.83,0.9,10175016,7.107653411,122.6588022,3.1678,69.366,17764.44559
"Bahamas, The",BHS,Latin America & Caribbean,83.492,16.508,NA,409984,8.891200632,40.74985015,1.9387,71.598,40378.55175
Bahrain,BHR,Middle East & North Africa,89.743,10.257,NA,1472233,3.755587601,1852.234177,0.9257,78.76,61227.89722
Bangladesh,BGD,South Asia,39.711,60.289,7.3,171186372,6.044418343,1301.039034,0.6672,72.381,7395.095987
Barbados,BRB,Latin America & Caribbean,31.324,68.676,NA,281635,16.2763861,653.9534884,2.4878,77.571,17837.45322
Belarus,BLR,Europe & Central Asia,80.326,19.674,3.9,9208701,17.18442914,45.83683173,4.5382,72.37068293,22590.59092
Belgium,BEL,Europe & Central Asia,98.153,1.847,7.9,11669446,19.72909498,382.8583884,3.1495,81.8902439,65027.2949
Belize,BLZ,Latin America & Caribbean,46.396,53.604,20.5,405272,5.086824297,17.5375274,1.078,70.47,11450.9169
Benin,BEN,Sub-Saharan Africa,49.534,50.466,11,13352864,3.064578505,115.2615733,0.0647,59.821,4056.108341
Bermuda,BMU,North America,100,0,NA,63532,20.40851303,1180.814815,1.766,79.28,95837.03242
Bhutan,BTN,South Asia,43.686,56.314,8.8,782455,6.253842074,20.38505506,0.499,71.815,12036.36408
Bolivia,BOL,Latin America & Caribbean,70.83,29.17,17.4,12224110,4.849874551,11.15062494,1.0299,63.63,9683.617497
Bosnia and Herzegovina,BIH,Europe & Central Asia,49.841,50.159,11.8,3233526,18.39980282,63.88560547,2.1616,75.3,20376.89219
Botswana,BWA,Sub-Saharan Africa,72.224,27.776,19.7,2630296,3.654037416,4.567294832,0.3784,61.141,18323.0457
Brazil,BRA,Latin America & Caribbean,87.555,12.445,22.2,215313498,9.876709169,25.64281323,2.3106,72.75,17821.73726
British Virgin Islands,VGB,Latin America & Caribbean,49.331,50.669,NA,31305,9.937868358,207.48,NA,74.494,NA
Brunei Darussalam,BRN,East Asia & Pacific,78.854,21.146,NA,449002,6.171026155,84.51100569,1.609,74.642,69274.98414
Bulgaria,BGR,Europe & Central Asia,76.363,23.637,13,6465097,22.37788289,63.35430177,4.2071,71.51463415,33582.28261
Burkina Faso,BFA,Sub-Saharan Africa,31.877,68.123,11.3,22673762,2.533419465,80.77735015,0.094,59.27,2545.863549
Burundi,BDI,Sub-Saharan Africa,14.417,85.583,11.2,12889576,2.481982244,488.7544003,0.0717,61.663,836.187569
Cabo Verde,CPV,Sub-Saharan Africa,67.545,32.455,15.8,593149,5.550792844,145.8870968,0.8312,74.052,9082.837643
Cambodia,KHM,East Asia & Pacific,25.114,74.886,NA,16767842,5.805860235,93.97814978,0.1927,69.584,5349.463794
Cameroon,CMR,Sub-Saharan Africa,58.733,41.267,21.7,27914536,2.668464511,57.53766157,0.1292,60.333,4408.046274
Canada,CAN,North America,81.752,18.248,11.2,38929902,19.0343118,4.349505388,2.4425,82.59660976,58399.54548
Cayman Islands,CYM,Latin America & Caribbean,100,0,NA,68706,8.161646448,283.9,1.939,82.1902439,76580.73565
Central African Republic,CAF,Sub-Saharan Africa,43.12,56.88,15.3,5579144,2.511156058,8.759757938,0.0718,53.895,967.2683238
Chad,TCD,Sub-Saharan Africa,24.063,75.937,10.8,17723315,2.008289702,13.64337675,0.0611,52.525,1668.022961
Channel Islands,CHI,Europe & Central Asia,31.077,68.923,NA,174079,16.36804917,872.1363636,1.522,81.232,NA
Chile,CHL,Latin America & Caribbean,87.912,12.088,14.1,19603733,13.03108444,26.21700747,2.8351,78.944,30208.80553
China,CHN,East Asia & Pacific,63.56,36.44,NA,1412175000,13.72233545,150.4397537,2.2266,78.211,21475.61053
Colombia,COL,Latin America & Caribbean,82.05,17.95,20.7,51874024,8.999017504,46.43223254,2.327,72.83,20287.40026
Comoros,COM,Sub-Saharan Africa,29.864,70.136,19.2,836774,4.278338164,441.4965073,0.2643,63.417,3832.468985
"Congo, Dem. Rep.",COD,Sub-Saharan Africa,46.837,53.163,16.3,99010212,2.920457841,42.29907501,0.3752,59.193,1337.391115
"Congo, Rep.",COG,Sub-Saharan Africa,68.736,31.264,21.5,5970424,2.720878785,17.08874378,0.1037,63.519,3790.711307
Costa Rica,CRI,Latin America & Caribbean,82.042,17.958,18.7,5180829,10.82589292,100.9392284,3.3005,77.023,24922.65927
Cote d'Ivoire,CIV,Sub-Saharan Africa,52.661,47.339,12,28160542,2.395939283,86.40958805,0.1623,58.598,6538.29642
Croatia,HRV,Europe & Central Asia,58.219,41.781,11.6,3854000,22.35578358,69.31736955,3.4651,76.42439024,40379.57244
Cuba,CUB,Latin America & Caribbean,77.401,22.599,NA,11212191,15.80883701,108.4428902,8.4199,73.683,NA
Curacao,CUW,Latin America & Caribbean,89.025,10.975,NA,149996,14.94976813,343.1734234,NA,78.01707317,22933.26652
Cyprus,CYP,Europe & Central Asia,66.911,33.089,7.1,1251488,14.82906155,134.652381,3.1437,81.203,49930.86719
Czechia,CZE,Europe & Central Asia,74.377,25.623,5.6,10526073,20.64345235,136.1083491,4.1533,77.37317073,49945.5001
Denmark,DNK,Europe & Central Asia,88.367,11.633,6.8,5903037,20.48695047,146.418325,4.2247,81.40487805,74005.47852
Djibouti,DJI,Middle East & North Africa,78.38,21.62,17.2,1120849,4.535938621,47.69443486,0.2237,62.305,5893.184863
Dominica,DMA,Latin America & Caribbean,71.7,28.3,NA,72737,9.523285788,96.54933333,1.1034,72.814,13572.97298
Dominican Republic,DOM,Latin America & Caribbean,83.848,16.152,12.9,11228821,7.404383773,233.9078286,1.4518,72.615,22833.52575
Ecuador,ECU,Latin America & Caribbean,64.57,35.43,19.8,18001000,7.828426199,71.66104445,2.22,73.67,12822.11378
"Egypt, Arab Rep.",EGY,Middle East & North Africa,42.967,57.033,5.1,110990103,4.83381703,109.7615932,0.7463,70.221,15090.99088
El Salvador,SLV,Latin America & Caribbean,74.767,25.233,16.9,6336392,8.221200645,304.7377896,2.8699,70.748,11096.2132
Equatorial Guinea,GNQ,Sub-Saharan Africa,74.01,25.99,NA,1674908,3.124738792,58.26973262,0.4017,60.594,17396.01797
Eritrea,ERI,Sub-Saharan Africa,42.625,57.375,NA,3684032,4.013252873,29.90984141,0.0821,66.536,1628.750509
Estonia,EST,Europe & Central Asia,69.609,30.391,9.2,1344768,20.57920369,31.13291228,3.4724,76.74146341,46697.35974
Eswatini,SWZ,Sub-Saharan Africa,24.576,75.424,19.8,1201670,4.00130485,69.3180814,0.1422,57.066,10782.15137
Ethiopia,ETH,Sub-Saharan Africa,22.661,77.339,12.4,123379924,3.140953859,106.5799119,0.1059,64.975,2811.581744
Faroe Islands,FRO,Europe & Central Asia,42.779,57.221,NA,53090,17.90937944,38.60510949,NA,83.49756098,NA
Fiji,FJI,East Asia & Pacific,58.229,41.771,9.6,929766,5.897989387,50.60810071,0.86,67.114,14125.29575
Finland,FIN,Europe & Central Asia,85.681,14.319,6.6,5556880,23.27471096,18.23016591,4.6404,81.93414634,59026.70734
France,FRA,Europe & Central Asia,81.509,18.491,11.1,67935660,21.65841996,123.7307385,3.2735,82.32439024,55492.56555
French Polynesia,PYF,East Asia & Pacific,62.17,37.83,NA,306279,10.07104633,87.5920484,1.697,79.486,NA
Gabon,GAB,Sub-Saharan Africa,90.735,9.265,15.7,2388992,3.886910486,9.085958784,0.6455,65.821,16470.58354
"Gambia, The",GMB,Sub-Saharan Africa,63.852,36.148,12.7,2705992,2.426078865,260.8612648,0.0823,62.083,2509.829512
Georgia,GEO,Europe & Central Asia,60.297,39.703,13.5,3712502,14.60856528,64.88348088,5.1085,71.694,20113.37724
Germany,DEU,Europe & Central Asia,77.648,22.352,10.7,84079811,22.41322501,238.1180858,4.4348,80.90097561,63149.59869
Ghana,GHA,Sub-Saharan Africa,58.615,41.385,20.6,33475870,3.554887393,144.3000839,0.1701,63.795,6498.385727
Gibraltar,GIB,Europe & Central Asia,100,0,NA,32649,20.83065331,3266.9,NA,79.329,NA
Greece,GRC,Europe & Central Asia,80.357,19.643,15,10566531,22.82189329,82.55408068,6.3072,80.18292683,36834.87109
Greenland,GRL,Europe & Central Asia,87.727,12.273,NA,56661,10.01399072,0.138026556,1.135,71.14756098,NA
Grenada,GRD,Latin America & Caribbean,36.868,63.132,NA,125438,10.06198306,366.5,1.4363,74.936,16987.12842
Guam,GUM,East Asia & Pacific,95.091,4.909,NA,171774,11.84139671,315.8037037,1.084,76.656,NA
Guatemala,GTM,Latin America & Caribbean,52.666,47.334,19.6,17357886,4.911962111,159.6654162,1.2407,69.237,10818.17172
Guinea,GIN,Sub-Saharan Africa,37.668,62.332,9.7,13859341,3.324108387,55.07042976,0.2245,58.892,3187.019343
Guinea-Bissau,GNB,Sub-Saharan Africa,45.041,54.959,9,2105566,2.819551327,73.28310811,0.1956,59.652,2190.439234
Guyana,GUY,Latin America & Caribbean,27.022,72.978,18,808726,6.276542535,4.087208534,1.4238,65.673,40641.78734
Haiti,HTI,Latin America & Caribbean,58.82,41.18,18.2,11584996,4.542858907,415.3689768,0.2343,63.192,3305.075955
Honduras,HND,Latin America & Caribbean,59.6,40.4,25.1,10432860,4.270780221,91.86115828,0.5001,70.123,6741.096947
"Hong Kong SAR, China",HKG,East Asia & Pacific,100,0,NA,7346100,20.47262836,7060.095238,1.319,85.49268293,69049.43654
Hungary,HUN,Europe & Central Asia,72.552,27.448,10,9683505,20.01069496,106.3981043,3.5248,74.46585366,41906.65557
Iceland,ISL,Europe & Central Asia,93.992,6.008,6.3,381900,15.32508176,3.694535357,4.1416,83.11707317,69081.26167
India,IND,South Asia,35.872,64.128,NA,1417173173,6.896442961,473.4187327,0.7352,67.24,8379.062487
Indonesia,IDN,East Asia & Pacific,57.934,42.066,NA,275501339,6.857165221,144.6473804,0.6228,67.57,14652.92828
"Iran, Islamic Rep.",IRN,Middle East & North Africa,76.807,23.193,15.4,88550570,7.622736364,54.19009676,1.5844,73.875,18075.05497
Iraq,IRQ,Middle East & North Africa,71.354,28.646,7.6,44496122,3.405042842,100.2782405,0.9663,70.378,10861.82189
Ireland,IRL,Europe & Central Asia,64.183,35.817,6.2,5086988,15.13618509,73.06089418,3.4896,82.10243902,126905.1985
Isle of Man,IMN,Europe & Central Asia,53.271,46.729,NA,84519,22.2901224,147.8298246,1.449,80.525,NA
Israel,ISR,Middle East & North Africa,92.763,7.237,20.5,9550600,12.04489689,432.7495379,3.6259,82.5,49509.12899
Italy,ITA,Europe & Central Asia,71.657,28.343,15.6,58856847,24.05357909,199.8859315,3.9477,82.79512195,51864.97774
Jamaica,JAM,Latin America & Caribbean,57.008,42.992,15.7,2827377,7.448882834,261.098338,0.5268,70.5,11821.58495
Japan,JPN,East Asia & Pacific,91.955,8.045,9.1,125124989,29.92456126,344.8054678,2.4796,84.44560976,45572.72382
Jordan,JOR,Middle East & North Africa,91.827,8.173,7.5,11285869,3.838446284,125.5521544,2.6614,74.256,11003.12452
Kazakhstan,KAZ,Europe & Central Asia,57.99,42.01,3.8,19621972,8.043180539,7.038184984,4.0712,70.23,30809.87943
Kenya,KEN,Sub-Saharan Africa,29.002,70.998,8.7,54027487,2.873047751,93.13282145,0.1565,61.427,5763.910092
Kiribati,KIR,East Asia & Pacific,57.058,42.942,5.7,131232,3.810441853,159.1037037,0.2039,67.417,2364.726563
"Korea, Dem. People's Rep.",PRK,East Asia & Pacific,62.916,37.084,NA,26069416,11.71438379,215.695615,3.6834,73.284,NA
"Korea, Rep.",KOR,East Asia & Pacific,81.427,18.573,12.2,51628117,17.4911356,530.1729098,2.4843,83.52682927,50069.82339
Kosovo,XKX,Europe & Central Asia,NA,NA,6.6,1761985,10.19242176,NA,NA,76.806,14723.40493
Kuwait,KWT,Middle East & North Africa,100,0,NA,4268873,4.930879883,238.5024691,2.3416,78.673,58056.23269
Kyrgyz Republic,KGZ,Europe & Central Asia,37.461,62.539,5,6803300,4.542122211,34.8894682,2.213,71.9,6132.514721
Lao PDR,LAO,East Asia & Pacific,37.592,62.408,10.3,7529475,4.454752821,32.17095754,0.3539,68.061,9384.265695
Latvia,LVA,Europe & Central Asia,68.54,31.46,12.2,1883379,21.85595771,30.2826611,3.4047,73.28292683,39956.19048
Lebanon,LBN,Middle East & North Africa,89.262,10.738,10.7,5489739,9.892709845,546.6892473,2.2071,75.047,14330.51563
Lesotho,LSO,Sub-Saharan Africa,29.943,70.057,21,2305825,4.195417216,75.14670619,0.4734,53.062,2694.546616
Liberia,LBR,Sub-Saharan Africa,53.065,46.935,12.2,5302681,3.30827934,53.91835548,0.051,60.747,1724.997855
Libya,LBY,Middle East & North Africa,81.302,18.698,NA,6812341,4.864957582,3.827862396,2.0905,71.911,23374.989
Liechtenstein,LIE,Europe & Central Asia,14.538,85.462,NA,39327,19.3645587,243.99375,NA,84.40243902,NA
Lithuania,LTU,Europe & Central Asia,68.465,31.535,10.4,2833000,20.79616589,44.73469094,4.6268,74.33902439,48396.69354
Luxembourg,LUX,Europe & Central Asia,91.881,8.119,14.3,650774,15.02851301,248.6206816,3.0073,82.74878049,142213.8517
"Macao SAR, China",MAC,East Asia & Pacific,100,0,NA,695168,12.99569817,20806.27273,1.562,85.399,55344.47879
Madagascar,MDG,Sub-Saharan Africa,39.882,60.118,14.4,29611714,3.348561654,49.70033173,0.1991,64.485,1774.068709
Malawi,MWI,Sub-Saharan Africa,17.98,82.02,11.1,20405317,2.608663286,210.9645948,0.0501,62.904,1732.030343
Malaysia,MYS,East Asia & Pacific,78.214,21.786,17,33938221,7.502523372,102.1880201,2.2855,74.884,33433.6174
Maldives,MDV,South Asia,41.536,58.464,7.5,523787,4.783242043,1738.19,2.0527,79.918,24771.72294
Mali,MLI,Sub-Saharan Africa,45.437,54.563,9.2,22593590,2.381232855,17.95210828,0.1286,58.941,2517.147263
Malta,MLT,Middle East & North Africa,94.875,5.125,9.9,523417,19.12829139,1620.425,2.8598,82.86097561,55927.85938
Marshall Islands,MHL,East Asia & Pacific,78.52,21.48,11.3,41569,4.545454545,233.6111111,0.4233,65.269,7227.858936
Mauritania,MRT,Sub-Saharan Africa,56.923,43.077,12.1,4736139,3.223258439,4.477514311,0.1865,64.364,6424.116895
Mauritius,MUS,Sub-Saharan Africa,40.81,59.19,10.9,1262523,12.79237904,634.1181773,2.7127,73.6802439,26905.91862
Mexico,MEX,Latin America & Caribbean,81.3,18.7,17,127504125,8.32313814,65.17921654,2.4253,70.213,21512.26954
"Micronesia, Fed. Sts.",FSM,East Asia & Pacific,23.217,76.783,16,114164,6.155618233,161.6157143,0.9391,70.71,3855.099602
Moldova,MDA,Europe & Central Asia,43.173,56.827,4.3,2592477,12.98363945,90.78345541,3.1026,68.846,15238.14821
Monaco,MCO,Europe & Central Asia,100,0,NA,36469,35.91817708,17603.64683,7.5067,NA,NA
Mongolia,MNG,East Asia & Pacific,68.93,31.07,9.9,3398366,4.610671717,2.149449088,3.8518,70.975,14230.23355
Montenegro,MNE,Europe & Central Asia,68.164,31.836,19.9,616159,16.55021468,46.03799257,2.74,73.82439024,26984.0689
Morocco,MAR,Middle East & North Africa,64.596,35.404,11.7,37457971,7.720483682,83.0754739,0.7308,74.042,9518.706055
Mozambique,MOZ,Sub-Saharan Africa,38.187,61.813,17.4,32969518,2.56835416,40.79080343,0.085,59.325,1467.769766
Myanmar,MMR,East Asia & Pacific,31.771,68.229,6.7,54179306,6.815642858,82.42769547,0.7369,65.672,4870.021499
Namibia,NAM,Sub-Saharan Africa,53.956,46.044,24.1,2567012,3.969010669,3.073219643,0.5902,59.269,11205.70608
Nauru,NRU,East Asia & Pacific,100,0,10.3,12668,2.458951689,625.55,1.3462,63.617,13117.99436
Nepal,NPL,South Asia,21.451,78.549,7.2,30547580,6.087226877,209.5220719,0.8516,68.45,4725.041244
Netherlands,NLD,Europe & Central Asia,92.886,7.114,8,17703090,20.31472134,520.7319275,4.0794,81.46097561,69577.40458
New Caledonia,NCL,East Asia & Pacific,72.325,27.675,NA,276780,11.01877734,15.02516411,1.982,79.12734146,NA
New Zealand,NZL,East Asia & Pacific,86.884,13.116,NA,5124100,16.30838863,19.41209981,3.6183,82.20731707,51966.86258
Nicaragua,NIC,Latin America & Caribbean,59.556,40.444,18.3,6948392,5.294001835,56.92654147,1.6645,73.837,6874.811829
Niger,NER,Sub-Saharan Africa,16.894,83.106,7.9,26207977,2.40380443,19.93583485,0.0345,61.576,1505.242676
Nigeria,NGA,Sub-Saharan Africa,53.521,46.479,13.2,218541212,2.974487492,234.3086872,0.3806,52.676,5860.293736
North Macedonia,MKD,Europe & Central Asia,59.118,40.882,18.4,2057679,14.90794438,81.88310864,2.8736,74.53682927,20161.75091
Northern Mariana Islands,MNP,East Asia & Pacific,91.983,8.017,NA,49551,10.79493855,107.5673913,0.445,NA,NA
Norway,NOR,Europe & Central Asia,83.664,16.336,8.3,5457127,18.43543782,14.84700909,5.047,83.16341463,114898.7599
Oman,OMN,Middle East & North Africa,87.75,12.25,NA,4576298,2.758638096,14.60572213,1.7738,72.541,41724.3388
Pakistan,PAK,South Asia,37.731,62.269,3.5,235824862,4.273698453,300.179168,1.1179,66.098,6437.162663
Palau,PLW,East Asia & Pacific,81.956,18.044,NA,18055,9.881193054,39.1826087,1.768,69.12926829,15211.87381
Panama,PAN,Latin America & Caribbean,69.141,30.859,21.5,4408581,8.771156612,58.65822324,1.6324,76.223,39279.67538
Papua New Guinea,PNG,East Asia & Pacific,13.582,86.418,19.5,10142619,3.187278512,21.970227,0.0661,65.351,4446.617938
Paraguay,PRY,Latin America & Caribbean,62.818,37.182,17.2,6780744,6.258863334,16.8733929,1.0515,70.262,15977.31165
Peru,PER,Latin America & Caribbean,78.708,21.292,15.9,34049588,8.41169637,26.34021172,1.3694,72.377,15047.51833
Philippines,PHL,East Asia & Pacific,47.977,52.023,11.7,115559009,5.436762183,381.9308717,0.7727,69.266,10133.19589
Poland,POL,Europe & Central Asia,60.134,39.866,8.8,37561599,18.55456257,123.3163149,2.3788,75.60243902,43268.54371
Portugal,PRT,Europe & Central Asia,67.381,32.619,12.3,10379007,22.89705395,112.7130547,5.4837,81.07317073,41451.61487
Puerto Rico,PRI,Latin America & Caribbean,93.61,6.39,NA,3221789,22.93020215,367.834611,1.75,80.162,40497.57684
Qatar,QAT,Middle East & North Africa,99.318,0.682,NA,2695122,1.520135267,233.9630113,2.4852,79.272,114648.0316
Romania,ROU,Europe & Central Asia,54.489,45.511,18,18956666,18.64210702,83.10100834,2.9807,72.96097561,41887.9219
Russian Federation,RUS,Europe & Central Asia,75.126,24.874,9.8,143555736,15.79792928,8.759261446,3.8187,69.36121951,36484.67969
Rwanda,RWA,Sub-Saharan Africa,17.721,82.279,12.4,13776698,3.196938163,545.6784759,0.1182,66.072,2792.421625
Samoa,WSM,East Asia & Pacific,17.616,82.384,11.4,222382,5.218273062,78.69208633,0.5998,72.767,6041.156661
San Marino,SMR,Europe & Central Asia,97.732,2.268,NA,33660,20.45721246,562.4166667,6.1094,NA,67982.97051
Sao Tome and Principe,STP,Sub-Saharan Africa,75.755,24.245,12.8,227380,3.760233442,232.403125,0.4884,67.591,4738.191722
Saudi Arabia,SAU,Middle East & North Africa,84.729,15.271,NA,36408820,2.810122657,16.72352572,2.7384,76.936,59065.00464
Senegal,SEN,Sub-Saharan Africa,49.086,50.914,10.4,17316449,3.139087581,87.6576118,0.0881,67.093,4208.964979
Serbia,SRB,Europe & Central Asia,56.873,43.127,14.6,6760087,20.55770477,81.27394458,2.4603,72.73073171,23911.20122
Seychelles,SYC,Sub-Saharan Africa,58.396,41.604,14.3,100060,8.150786279,215.7782609,2.2518,73.39756098,35227.8179
Sierra Leone,SLE,Sub-Saharan Africa,43.831,56.169,7.5,8605718,3.140069196,116.661693,0.074,60.062,1931.067331
Singapore,SGP,East Asia & Pacific,100,0,NA,5637022,15.11730406,7595.495822,2.4601,83.44146341,127564.5566
Sint Maarten (Dutch part),SXM,Latin America & Caribbean,100,0,NA,43389,10.56479909,1260.176471,NA,73.972,41811.80216
Slovak Republic,SVK,Europe & Central Asia,53.909,46.091,8.8,5431752,16.97751359,113.2954867,3.565,74.71463415,37459.47384
Slovenia,SVN,Europe & Central Asia,55.751,44.249,5.4,2108732,20.95913662,104.6899644,3.277,80.87560976,50031.65618
Solomon Islands,SLB,East Asia & Pacific,25.584,74.416,11.8,724273,3.466443914,25.28942479,0.1937,70.348,2654.09111
Somalia,SOM,Sub-Saharan Africa,47.324,52.676,NA,17597511,2.570008338,27.20308126,0.023,55.28,1364.101691
South Africa,ZAF,Sub-Saharan Africa,68.335,31.665,23.5,59893885,5.892990529,48.95947951,0.7923,62.341,15904.84836
South Sudan,SSD,Sub-Saharan Africa,20.846,79.154,18.6,10913164,2.890298491,17.00864336,0.0374,54.975,1181.931603
Spain,ESP,Europe & Central Asia,81.304,18.696,16.5,47615034,20.26503939,94.88212075,4.4411,83.17804878,45825.19563
Sri Lanka,LKA,South Asia,19.026,80.974,9.5,22181000,11.53681066,358.1635952,1.2291,76.399,14405.41595
St. Kitts and Nevis,KNA,Latin America & Caribbean,30.991,69.009,NA,47657,10.11802969,183.1,2.7672,71.682,34051.88203
St. Lucia,LCA,Latin America & Caribbean,19.05,80.95,23,179857,9.231474918,294.5098361,0.6409,71.111,17755.96518
St. Martin (French part),MAF,Latin America & Caribbean,NA,NA,NA,31791,11.12421755,638.96,NA,80.379,NA
St. Vincent and the Grenadines,VCT,Latin America & Caribbean,53.875,46.125,NA,103948,10.85403689,267.5179487,0.941,69.629,17206.7869
Sudan,SDN,Sub-Saharan Africa,35.956,64.044,9.7,46874204,3.499516493,24.44175696,0.2618,65.267,4216.024902
Suriname,SUR,Latin America & Caribbean,66.307,33.693,31.5,618040,7.392072202,3.929391026,0.8194,70.274,17619.80293
Sweden,SWE,Europe & Central Asia,88.492,11.508,10.1,10486941,20.24900688,25.57385697,4.4055,83.15609756,64578.39633
Switzerland,CHE,Europe & Central Asia,74.092,25.908,11.2,8769741,19.30925469,220.285662,4.3804,83.85121951,83598.45336
Syrian Arab Republic,SYR,Middle East & North Africa,56.769,43.231,10.1,22125249,4.680261557,116.1268148,1.2874,72.063,NA
Tajikistan,TJK,Europe & Central Asia,27.968,72.032,11.7,9952787,3.472303788,70.25047914,1.7229,71.594,4885.125701
Tanzania,TZA,Sub-Saharan Africa,36.682,63.318,9,65497748,3.103425785,71.78633326,0.0512,66.201,3096.884521
Thailand,THA,East Asia & Pacific,52.889,47.111,10,71697030,15.21233456,140.1497446,0.9499,78.715,20671.68492
Timor-Leste,TLS,East Asia & Pacific,32.074,67.926,5.4,1341296,5.206457039,88.83268325,0.7562,67.737,4828.32547
Togo,TGO,Sub-Saharan Africa,43.921,56.079,15.8,8848699,3.134777391,158.941515,0.0827,61.619,2607.927681
Tonga,TON,East Asia & Pacific,23.125,76.875,11.9,106858,6.212947149,147.2458333,0.9461,70.986,6778.503569
Trinidad and Tobago,TTO,Latin America & Caribbean,53.34,46.66,18.8,1531044,11.51560258,297.4001949,4.476,72.971,27778.1806
Tunisia,TUN,Middle East & North Africa,70.214,29.786,10.5,12356117,9.020904383,78.93245366,1.3025,73.772,12489.71807
Turkiye,TUR,Europe & Central Asia,77.022,22.978,17.3,85341241,8.635668891,110.1508569,1.9275,76.032,37273.69976
Turkmenistan,TKM,Europe & Central Asia,53.494,46.506,14.2,6430770,5.147610228,13.49531845,2.2247,69.264,15628.45773
Turks and Caicos Islands,TCA,Latin America & Caribbean,94.047,5.953,NA,45703,10.32656857,47.48842105,NA,74.587,22914.81194
Tuvalu,TUV,East Asia & Pacific,65.527,34.473,13.9,11312,6.431507758,373.4666667,1.1864,64.547,5421.252775
Uganda,UGA,Sub-Saharan Africa,26.159,73.841,13.4,47249585,1.694063556,228.6743367,0.1537,62.705,2693.815286
Ukraine,UKR,Europe & Central Asia,69.919,30.081,5.1,38000000,18.80834238,75.58311184,2.9923,69.64780488,12671.23926
United Arab Emirates,ARE,Middle East & North Africa,87.543,12.457,9.1,9441129,1.828949791,131.8663053,2.6011,78.71,87729.19126
United Kingdom,GBR,Europe & Central Asia,84.398,15.602,11.5,66971411,19.16988381,277.0483198,3.0037,80.7,54602.54438
United States,USA,North America,83.084,16.916,15.5,333287557,17.12812055,36.29783633,2.61,76.32926829,76398.59174
Uruguay,URY,Latin America & Caribbean,95.688,4.312,17.3,3422794,15.57949669,19.57639127,4.9398,75.436,28841.9857
Uzbekistan,UZB,Europe & Central Asia,50.466,49.534,10.4,35648100,5.136522032,79.23490819,2.3742,70.862,9532.511865
Vanuatu,VUT,East Asia & Pacific,25.816,74.184,12.8,326740,3.737369564,26.1802297,0.1653,70.449,3289.479668
"Venezuela, RB",VEN,Latin America & Caribbean,88.378,11.622,19.9,28301696,8.608521352,31.97082592,1.73,70.554,17402.27566
Vietnam,VNM,East Asia & Pacific,38.766,61.234,13.9,98186856,9.116958588,310.9732316,0.8281,73.618,13456.55143
Virgin Islands (U.S.),VIR,Latin America & Caribbean,96.136,3.864,NA,105413,20.41723219,302.4857143,1.645,80.06829268,NA
West Bank and Gaza,PSE,Middle East & North Africa,77.291,22.709,12.8,5043612,3.532408698,817.0537759,0.837,73.473,6756.783285
"Yemen, Rep.",YEM,Middle East & North Africa,39.188,60.812,10.6,33696614,2.662228911,62.46877853,0.5251,63.753,3437.429536
Zambia,ZMB,Sub-Saharan Africa,45.761,54.239,24.6,20017675,1.747493153,26.19503222,0.1168,61.223,3894.310259
Zimbabwe,ZWE,Sub-Saharan Africa,32.395,67.605,16.8,16320537,3.321845353,41.3429598,0.199,59.253,2530.645987
